Scenario,Details,Message
work issue,server is down,Urgent: the production server is down and I'm working with IT to restore it. I'll miss the 3 pm meeting and update you within the hour.
work issue,client escalation,A client escalation has come up that needs my attention right now. Please start the meeting without me; I'll join as soon as I can.
work issue,payment system failure,Heads up: the payment system has stopped processing orders and I'm on a call with the vendor. I'll share an update in thirty minutes.
work issue,data backup failed,Urgent: last night's data backup failed and I'm restoring it before anyone makes changes. Please hold off on edits for the next hour.
work issue,website outage,Our website is down for customers and I'm fixing it with the hosting team. I'll have to miss the review call and will report back once it's stable.
work issue,office flooding,The office pantry is flooding from a burst pipe and I'm helping facilities move the equipment. I'll be offline for a while.
work issue,laptop crashed before presentation,My laptop crashed just before the presentation and I'm trying to recover the slides. Can someone share a backup copy with me urgently?
work issue,fire alarm at office,The fire alarm went off and our building is being evacuated. I'm safe and will be back online once we're allowed inside.
work issue,power cut at home,There's a power cut in my area and my laptop is almost out of battery. I'll join the call from my phone and send my updates by email.
work issue,urgent client visit,"A client has arrived unannounced and needs an urgent walkthrough. I'll have to push our one-on-one to tomorrow, sorry for the short notice."
work issue,account locked,My work account is locked and I can't access any files before the deadline. Could you raise a priority ticket with IT for me?
work issue,network outage,The office network has gone down completely and nobody can access anything. I'm with the IT team now and will update everyone shortly.
work issue,shipment stuck at customs,The client's shipment is stuck at customs and they need the documents within the hour. I'm handling it now and will skip the team lunch.
work issue,suspicious logins,I've noticed suspicious logins on our admin account and I'm locking it down with IT right away. Please don't log in until I confirm it's safe.
work issue,wrong invoice sent,I've just realised we sent the wrong invoice to a major client and I'm fixing it urgently. I'll be late for the meeting.
work issue,production bug,A critical bug went live and customers can't place orders. I'm rolling back the release now and will update you within thirty minutes.
work issue,deadline moved up,"The client has moved the deadline to tonight, so I have to drop everything to finish the report. I'll miss the 5 pm sync."
work issue,printer jammed before submission,The printer jammed just before we needed the signed copies. I'm getting them printed outside and will be back in twenty minutes.
work issue,colleague unwell,A colleague felt unwell at work and I'm taking him to the clinic. Please cover my calls for the next hour.
work issue,inspection moved to today,The safety inspection has been moved to today and I need to be on site. I won't be able to attend the training session.
work issue,maintenance overrun,"The server maintenance has overrun and the site is still down. I have to stay online until it's back, so I'll miss dinner."
work issue,client emergency call,Our biggest client just called with an emergency and I have to join an urgent call. Can we move our meeting to tomorrow?
work issue,,Urgent work issue: I need to step away and handle a problem that just came up. I'll call you as soon as it's under control.
work issue,,Something urgent has come up at work and I can't leave right now. Please don't wait for me; I'll update you in an hour.
work issue,,I'm dealing with an emergency at the office and won't be reachable for a while. I'll call you back as soon as I'm free.
work issue,,Urgent: I've been pulled into a crisis meeting and can't step out. I'll message you the moment it ends.
work issue,,"A critical issue just came up that only I can fix, so I'll be late. I'll keep you posted."
work issue,,I'm stuck handling an urgent work problem and will miss our plans tonight. I'm really sorry and will make it up to you.
work issue,,Emergency at work: our systems are down and I have to stay until they're restored. Please go ahead without me.
work issue,,I've had to rush back to the office for an urgent issue. I'll be unreachable for the next couple of hours.
school absence,high fever,"Good morning, I have a high fever and won't be able to attend class today. I'll catch up on the notes and submit the assignment by email."
school absence,family emergency,I have a family emergency and need to leave college immediately. I'll miss the afternoon lab and will ask you about a make-up session.
school absence,bus strike,The buses are on strike today and I have no way to reach school. Could you please excuse my absence? I'll study from the online material.
school absence,doctor's appointment,I won't be able to attend the morning lecture because of an urgent doctor's appointment. I'll collect the notes from my classmates.
school absence,injured ankle,I injured my ankle at football practice and can't walk to class today. I'll submit my homework online.
school absence,flooding near home,The roads near my house are flooded after last night's rain and I can't travel to school. I'll join any online session if possible.
school absence,grandfather in hospital,My grandfather has been admitted to the hospital and I need to be with my family today. I'm sorry to miss the test and will request a retake.
school absence,food poisoning,I've had food poisoning since last night and the doctor has advised rest. I won't be able to attend the practical today.
school absence,exam clash,My university exam has been rescheduled to the same time as our class test. Could I please take the test on another day?
school absence,train cancelled,My train has been cancelled and the next one will only get me there after the exam starts. Please let me know what I should do.
school absence,viral infection,I've been diagnosed with a viral infection and the doctor has asked me to stay home for three days. I'll share the medical certificate.
school absence,sister unwell,My younger sister is unwell and there's nobody else at home to look after her. I'll have to miss class today.
school absence,power cut during online class,There's a power cut in my area and I can't join the online class. I'll watch the recording and submit the work tonight.
school absence,migraine,I woke up with a severe migraine and can't come to class today. I'll catch up on everything tomorrow.
school absence,visa appointment,"I have an urgent visa appointment that couldn't be rescheduled, so I'll miss the morning lectures. I'll be back after lunch."
school absence,eye infection,I have an eye infection and the doctor says I shouldn't read or use screens today. I'll be absent and will catch up later.
school absence,school van broke down,Our school van broke down on the highway and we're waiting for another one. I'll be at least an hour late.
school absence,water leak in hostel room,There's a major water leak in our hostel room and the warden needs us here. I'll miss the first two lectures.
school absence,chickenpox,I've been diagnosed with chickenpox and have to stay away from school for a week. I'll send the medical certificate.
school absence,fractured wrist,I fractured my wrist and can't write for a few weeks. I'll need extra time for the written assignment.
school absence,,I won't be able to attend class today because of an emergency at home. I'll catch up on the notes and the assignment.
school absence,,Something urgent has come up and I can't make it to school today. Please excuse my absence; I'll explain tomorrow.
school absence,,I have to miss today's lecture because of an unavoidable situation. Could a classmate share the notes with me?
school absence,,I'm unwell today and won't be able to attend the practical. I'll submit my lab work as soon as I'm better.
school absence,,Urgent: I can't reach the exam hall on time because of an emergency. Please let me know if I can sit for it later.
school absence,,I'm sorry to inform you that I'll be absent today for personal reasons. I'll make sure I don't fall behind.
school absence,,"Something serious came up at home this morning, so I'll miss the group presentation. My teammates have my slides."
school absence,,I'm not feeling well and will miss today's classes. I'll check the portal for any updates.
family matter,grandmother in hospital,Urgent: my grandmother has been admitted to the hospital and I need to leave right away. I'll call you once I know more.
family matter,father unwell,My father isn't well and I'm taking him to the doctor right now. I'll be unreachable for a few hours.
family matter,child sick at school,"My son's school just called to say he's sick, so I have to go and pick him up. I'll be back online this afternoon."
family matter,relatives arrived unexpectedly,My relatives have arrived unexpectedly from out of town and I need to be home. Can we reschedule for tomorrow?
family matter,house flooded,Our house is flooding after the heavy rain and I have to help my family move things. I'll call you later.
family matter,mother had a fall,My mother had a fall at home and I'm rushing back to take her to the clinic. I'll update you soon.
family matter,wife in labour,My wife has gone into labour and we're heading to the hospital. I'll be offline for the rest of the day.
family matter,family function,"I've just been told I'm needed urgently at a family function this evening. Sorry for the short notice, but I can't make it."
family matter,brother had an accident,My brother has had a minor accident and I'm going to the hospital to be with him. I'll message you when I can.
family matter,parents locked out,"My parents are locked out of the house and my dad needs his medicine, so I'm taking them the spare key. I'll be back in an hour."
family matter,travelling home tonight,I have to travel to my hometown tonight for a family emergency. I'll be away for a few days and will keep you posted.
family matter,dog suddenly sick,"Our dog has suddenly fallen very sick and I'm taking him to the vet right now. Sorry, I'll have to leave early."
family matter,grandfather's surgery,My grandfather's surgery has been moved to today and the family needs me at the hospital. I won't be able to come in.
family matter,power failure at home,There's a power failure at home and my elderly parents are alone in the dark. I need to go and help them.
family matter,sister stranded with kids,"My sister is stuck with a broken-down car and two kids, so I'm going to pick them up. I'll call you later."
family matter,water tank burst,The water tank on our roof has burst and the house is flooding. I'm going home to help my parents.
family matter,wedding preparations crisis,"My cousin's wedding preparations have hit a crisis and the family needs me at the venue right now. Sorry, I'll have to skip today."
family matter,mother's check-up moved,My mother's hospital check-up was moved to this afternoon and I'm the only one who can take her. I'll be back tomorrow.
family matter,brother lost at the mall,My younger brother got separated from us at the mall and we're searching for him with security. I'll call you back.
family matter,gas leak at parents' house,There's a gas leak at my parents' place and I'm going there right away. I'll update you once it's fixed.
family matter,,I have a family emergency and need to leave immediately. I'll explain everything once things settle down.
family matter,,"Urgent family matter: I need to go home right now. Please excuse me, I'll catch up with you tomorrow."
family matter,,Something serious has come up at home and I have to be with my family. I'll be offline for the rest of the day.
family matter,,"I'm so sorry, I have to rush home for a family issue. I'll call you as soon as I can."
family matter,,"Family emergency, so I won't be able to make it today. I'll update you later tonight."
family matter,,I need to take care of an urgent family matter this afternoon. Can we please reschedule?
family matter,,"My family needs me urgently, so I'm leaving now. I'll get back to you tomorrow."
family matter,,A family situation has come up that needs my attention immediately. Sorry for the short notice.
social event cancellation,sudden fever,"I'm so sorry, I've come down with a sudden fever and won't make it to the party tonight. Have a great time and send me pictures!"
social event cancellation,work emergency,"Something urgent came up at work and I can't make it to dinner tonight. I'm really sorry, let's reschedule soon."
social event cancellation,car broke down,"My car just broke down on the way, so I won't make it to the birthday party. I'm so sorry, I'll call you tomorrow."
social event cancellation,family emergency,I have a family emergency and have to cancel tonight's plans. Please go ahead without me.
social event cancellation,heavy rain,"The roads near me are completely flooded from the rain, so I can't come to the get-together. Sorry, guys!"
social event cancellation,double booking,I just realised I double-booked tonight and have to be at a family dinner. I'm really sorry to cancel at the last minute.
social event cancellation,babysitting,"My sister dropped her kids with me unexpectedly, so I can't make it to the movie. Enjoy, and tell me how it was!"
social event cancellation,train cancelled,"My train has been cancelled, so I won't be able to make it to the wedding. I'm heartbroken to miss it."
social event cancellation,deadline tonight,"A deadline got moved up to tonight, so I have to skip the concert. Please have fun for both of us."
social event cancellation,twisted ankle,"I twisted my ankle this afternoon and can barely walk, so I'll have to miss the trip. So sorry, everyone."
social event cancellation,power cut,"There's a power cut in my building and the gate won't open, so I'm stuck at home. Sorry, I can't make it tonight."
social event cancellation,exam tomorrow,"I just found out my exam was moved to tomorrow morning, so I can't come to the party. Have fun!"
social event cancellation,pet unwell,"My dog is unwell and I don't want to leave him alone tonight. Sorry to cancel, let's meet next week."
social event cancellation,lost wallet,"I've lost my wallet and have to sort out my cards right away, so I'll miss dinner. Really sorry!"
social event cancellation,guests at home,Unexpected guests have arrived at home and I can't leave. Sorry to back out of our plans.
social event cancellation,flight delayed,"My flight has been delayed by five hours, so I'll miss the reunion tonight. I'm so sorry, everyone."
social event cancellation,roommate unwell,My roommate is really unwell and I need to stay with her tonight. Sorry I can't come to the party.
social event cancellation,landlord inspection,"My landlord has scheduled an urgent inspection this evening, so I can't make it to dinner. Rain check?"
social event cancellation,road closed,"The road to the venue is closed after an accident and there's no other route. I'm so sorry, I won't make it."
social event cancellation,,"Something urgent has come up and I won't be able to make it tonight. I'm really sorry, let's catch up soon."
social event cancellation,,"I'm so sorry, I have to cancel our plans at the last minute. I'll explain later and make it up to you."
social event cancellation,,Unfortunately I can't come to the party anymore because of an emergency. Have an amazing time!
social event cancellation,,"I won't be able to join you all tonight, something unexpected came up. Save me a slice of cake!"
social event cancellation,,I need to cancel our dinner tonight; I'm dealing with an urgent situation. Can we do this weekend instead?
social event cancellation,,"Sorry, guys, I have to drop out of the trip because of something urgent. I'll miss you all."
social event cancellation,,"I'm really sorry, I can't make it to the wedding because of an emergency at home. Please pass on my wishes."
social event cancellation,,Something came up and I'll have to skip the movie tonight. Let's plan another one soon.
social event cancellation,,"Last-minute emergency, so I can't make it to the get-together. Sorry for the short notice."
car trouble,flat tyre on the highway,Urgent: I've got a flat tyre on the highway and I'm waiting for roadside help. I'll be at least an hour late.
car trouble,car won't start,"My car won't start this morning and I'm waiting for the mechanic. I'll be late, sorry for the inconvenience."
car trouble,battery failed,My car battery has failed in the parking lot and I'm waiting for a jump start. I'll update you in thirty minutes.
car trouble,engine overheating,"My engine is overheating, so I've pulled over at the side of the road. I'll call you once the mechanic checks it."
car trouble,out of fuel,I ran out of fuel on the expressway and help is on the way. Please start without me.
car trouble,minor accident,"I've had a minor accident on the way; I'm fine, but I need to wait for the police and the insurance team. I'll be very late."
car trouble,keys locked inside,I've locked my keys inside the car in the parking lot and I'm waiting for the locksmith. I'll be there as soon as I can.
car trouble,brake problem,"Something is wrong with my brakes, so I've stopped at a service station to get them checked. I'll be late to the meeting."
car trouble,car towed,My car has been towed from outside the building and I'm going to the depot to get it back. I'll miss the first session.
car trouble,broke down in traffic,My car broke down in the middle of traffic and I'm waiting for the tow truck. Please don't wait for me.
car trouble,puncture near the toll plaza,I've got a puncture near the toll plaza and the spare tyre is flat too. I'm waiting for help and will be late.
car trouble,scooter broke down,My scooter broke down halfway and I'm pushing it to the nearest repair shop. I'll be about forty minutes late.
car trouble,cracked windshield,A stone cracked my windshield on the highway and it isn't safe to drive. I'm waiting for the service team.
car trouble,cab broke down,"My cab broke down on the way and I'm trying to find another ride. I'll be late, sorry!"
car trouble,stuck in a flooded street,"My car is stuck in a flooded street and the engine has stalled. I'm safe, but I'll need some time to get out."
car trouble,engine warning light,"The engine warning light came on, so I'm taking the car straight to the service centre. I won't make it to the office this morning."
car trouble,gear stuck,My car's gear is stuck and I can't move it out of the parking spot. I'm waiting for the mechanic.
car trouble,tyre burst,"One of my tyres burst on the expressway, but I'm safe and waiting for help. I'll be really late."
car trouble,clutch failure,My clutch has failed in the middle of traffic and I'm waiting for a tow. Please start without me.
car trouble,bike chain snapped,My bike chain snapped on the way and I'm walking it to the repair shop. I'll be there in about an hour.
car trouble,,My car has broken down and I'm waiting for roadside assistance. I'll update you as soon as I know more.
car trouble,,"Car trouble on the way, so I'm going to be late. Please go ahead without me."
car trouble,,I'm stuck with car trouble and can't get there right now. I'll call you once it's sorted.
car trouble,,"My vehicle has broken down and help is on the way. Sorry for the delay, I'll keep you posted."
car trouble,,"Urgent: car problems on the highway, so I'll miss the start. I'll join as soon as I can."
car trouble,,"My car just stopped working in the middle of the road. I'm safe, but I'll be very late."
car trouble,,"Sorry, I'm dealing with a car breakdown and won't make it on time. I'll message you when I'm moving again."
car trouble,,I've had car trouble and I'm waiting for the mechanic. Can we push our meeting by an hour?
medical issue,high fever,"I've had a high fever since last night and the doctor has advised rest, so I won't be able to come in today."
medical issue,food poisoning,I've got food poisoning and I'm on my way to the clinic. I'll be offline for the rest of the day.
medical issue,sprained ankle,I sprained my ankle on the stairs and can't walk properly. I'm going to get it checked and will work from home if I can.
medical issue,migraine,I have a severe migraine and need to lie down in a dark room. I'll respond to messages later this evening.
medical issue,toothache,I have a terrible toothache and the dentist could only see me right now. I'll be back in two hours.
medical issue,allergic reaction,I'm having an allergic reaction and I'm going to the clinic to get it treated. I'll update you once I'm okay.
medical issue,back pain,My back pain has got much worse and the doctor wants to see me today. I'll have to miss the meeting.
medical issue,dengue,I've tested positive for dengue and the doctor has advised complete bed rest for a week. I'll share the medical certificate.
medical issue,eye infection,I've got a bad eye infection and can't look at screens today. I'll catch up on everything once it's better.
medical issue,stomach infection,"I've had a stomach infection since the morning and I'm going to see a doctor. Sorry, I'll have to cancel today."
medical issue,fainted this morning,I fainted at home this morning and the doctor wants me to rest and get some tests done. I won't make it today.
medical issue,chest cold,I've caught a bad chest cold and don't want to spread it. I'll stay home and keep my phone on.
medical issue,fractured finger,"I fractured my finger and my hand is in a splint, so my typing will be slow for a few weeks."
medical issue,vertigo,I'm having a vertigo episode and can't travel safely. I'm staying home and will join calls if I can.
medical issue,cut my hand,I cut my hand while cooking and needed stitches. I'll be resting today and back tomorrow.
medical issue,viral infection,I've come down with a viral infection and the doctor has advised three days of rest. I'll keep the team posted.
medical issue,heat exhaustion,I've got heat exhaustion after being out in the sun and the doctor told me to rest. I'll be offline today.
medical issue,ear infection,I have a painful ear infection and can't take calls today. I'll respond by email instead.
medical issue,knee injury,I injured my knee playing badminton and need to get an X-ray. I'll miss today's session.
medical issue,severe cold,"I have a severe cold and a fever, so I'll stay home today to avoid spreading it."
medical issue,,I'm not feeling well and need to see a doctor urgently. I'll update you once I've been checked.
medical issue,,Medical emergency: I need to go to the clinic right now. I'll be unreachable for a few hours.
medical issue,,"My doctor has advised complete rest, so I won't be able to make it today."
medical issue,,I'm unwell and won't be able to come in. I'll check my messages when I can.
medical issue,,"Health issue this morning, so I'm heading to the doctor. Please excuse my absence today."
medical issue,,"I've suddenly fallen ill and need to rest. Sorry for the short notice, I'll keep you posted."
medical issue,,I'm at the clinic for an urgent check-up and will be offline for a while. I'll call you back.
medical issue,,I'm feeling very unwell and need to cancel today's plans. I'll let you know once I'm better.
stuck somewhere,trains cancelled due to flooding,I'm stuck at the station because all trains are cancelled due to flooding. I'll keep you posted on when I can get there.
stuck somewhere,lift stuck,"I'm stuck in a lift between floors and the technician is on the way. I'll be late, please start without me."
stuck somewhere,traffic jam on the highway,I'm stuck in a massive traffic jam on the highway and nothing is moving. I'll be at least an hour late.
stuck somewhere,flight delayed,My flight has been delayed by four hours and I'm stuck at the airport. I'll miss today's meeting.
stuck somewhere,road blocked by landslide,A landslide has blocked the road and we're stuck on the hill route. I'm safe and will update you when it clears.
stuck somewhere,locked out of the house,"I'm locked out of my house and waiting for the locksmith. I'll be late, sorry!"
stuck somewhere,metro stopped,The metro has stopped between stations because of a technical fault. I'm stuck inside and will be late.
stuck somewhere,heavy rain,I'm stuck at a bus stop in heavy rain with no transport available. I'll get there as soon as the rain eases.
stuck somewhere,festival procession,I'm stuck behind a festival procession and the road is completely blocked. I'll be about forty minutes late.
stuck somewhere,bus broke down,My bus broke down in the middle of nowhere and we're waiting for a replacement. I'll keep you updated.
stuck somewhere,airport security queue,I'm stuck in a very long security queue at the airport and might miss my flight. I'll call you as soon as I'm through.
stuck somewhere,road closed,"The main road is closed and police are diverting traffic, so I'm stuck on a long detour. I'll be late."
stuck somewhere,ferry cancelled,The ferry has been cancelled due to rough weather and I'm stranded on the other side. I'll be back tomorrow morning.
stuck somewhere,car stuck in mud,My car is stuck in the mud on the village road and we're waiting for a tractor to pull it out. I'll be very late.
stuck somewhere,building gate jammed,The electric gate of my building has jammed and nobody can get out. I'm waiting for the technician.
stuck somewhere,train held at a signal,My train has been held at a signal for over an hour. I'm stuck and will update you once it moves.
stuck somewhere,snowfall closed the pass,Heavy snowfall has closed the mountain pass and we're stuck at the hotel. I'll be back a day late.
stuck somewhere,queue at the passport office,I'm stuck in a long queue at the passport office and can't leave without losing my slot. I'll be late.
stuck somewhere,cab driver lost,My cab driver is completely lost and my phone has no signal here. I'll get there as soon as I can.
stuck somewhere,ferry engine problem,Our ferry has stopped in the middle of the river with an engine problem. I'm safe and will update you once we reach the shore.
stuck somewhere,,I'm stuck and can't get there right now. I'll update you as soon as I'm on my way.
stuck somewhere,,"Sorry, I'm stuck somewhere with no transport and will be late. Please don't wait for me."
stuck somewhere,,I'm stuck in a situation I can't get out of right now. I'll call you when I can.
stuck somewhere,,Urgent: I'm stranded and won't make it on time. I'll keep you posted.
stuck somewhere,,I'm stuck on the way and nothing is moving. I'll be there as soon as I can.
stuck somewhere,,"I'm stuck and my phone battery is low, so I may be out of reach. I'll call you when I'm moving again."
stuck somewhere,,"I'm stuck in transit with a long delay, so please start without me. Sorry for the trouble."
stuck somewhere,,I'm stranded at the moment and can't make it today. I'll explain everything later.
urgent help needed,locked out with low battery,Can you call me right away? I'm locked out of my house and my phone is at 5%. I need the spare key.
urgent help needed,car broke down at night,"I need help urgently, my car broke down on a dark road. Can you come and pick me up?"
urgent help needed,lost wallet,I've lost my wallet and can't pay for the ride home. Can you book a cab for me? I'll pay you back tonight.
urgent help needed,water leak at home,Urgent: there's a water leak flooding my flat and I can't find the main valve. Can you come over and help?
urgent help needed,missed the last bus,I missed the last bus and I'm stuck at the station. Could you come and pick me up?
urgent help needed,laptop crashed before deadline,My laptop just crashed an hour before the deadline. Can I please borrow yours urgently?
urgent help needed,ride to the hospital,I need a ride to the hospital for my grandmother right now. Can you drive us?
urgent help needed,dog ran away,My dog has run away from the park and I can't find him. Can you help me search the area?
urgent help needed,power cut before exam,There's a power cut at home and my exam is tomorrow. Can I come over to study at your place tonight?
urgent help needed,stuck in a lift,I'm stuck in the lift of my building and the alarm isn't working. Please call the security office for me!
urgent help needed,movers didn't turn up,My movers didn't turn up and I have to vacate the flat today. Can you come and help me pack?
urgent help needed,forgot documents for interview,I left my documents at home and my interview is in an hour. Can you bring them to me urgently?
urgent help needed,son waiting at school,"I'm stuck in a meeting and my son is waiting at school. Can you pick him up for me, please?"
urgent help needed,smell of gas,I can smell gas from the cylinder at home. Can you come over right now and help me turn it off safely?
urgent help needed,someone to sit at the hospital,I need someone to stay with my grandfather at the hospital for an hour. Can you come?
urgent help needed,flat tyre with no spare,I have a flat tyre and no spare on the outskirts of the city. Can you come and help me?
urgent help needed,keys locked in the car,I've locked my keys in the car with the engine running. Can you bring the spare key from my house?
urgent help needed,elderly neighbour fell,My elderly neighbour fell and I'm with her. Can you call an ambulance while I stay with her?
urgent help needed,lost in an unfamiliar area,I'm lost in an unfamiliar area and my maps app isn't working. Can you call me and guide me?
urgent help needed,phone about to switch off,I'm stuck at the station and my phone is about to switch off. Please let Mom know I'll be home late.
urgent help needed,,"I need help urgently, please call me as soon as you see this."
urgent help needed,,Urgent: can you come over right away? I'll explain when you get here.
urgent help needed,,"Please call me back as soon as possible, I need your help with something urgent."
urgent help needed,,I'm in a bit of a situation and need your help right now. Are you free?
urgent help needed,,Can you help me out urgently? I'm stuck and don't know who else to call.
urgent help needed,,"I need your help as soon as possible, please call me when you can."
urgent help needed,,Something urgent has come up and I really need a hand. Can you come by?
urgent help needed,,"Please reply as soon as you see this, I need help with something important."
